user_id,total_events,failed_events,login_events,downloads,unique_ips,unique_servers,night_activity,avg_hour,failure_ratio
emp_101,49,11,13,7,4,4,0,12.244897959183673,0.22448979591836735
emp_102,52,10,20,11,4,4,0,12.23076923076923,0.19230769230769232
emp_103,40,6,11,5,4,4,0,12.325,0.15
emp_104,59,16,24,10,4,4,0,12.271186440677965,0.2711864406779661
